{
    "backbone_lr": 5.611516415334504e-06,
    "head_lr": 0.007969454818643935,
    "dropout_rate": 0.49279757672456204,
    "weight_decay": 0.00015751320499779721,
    "batch_size": 16
}