{
  "train_loss": [
    0.3582123757879379,
    0.22965373154025598,
    0.19016947517271474,
    0.17626509641192045,
    0.1736608516610044,
    0.16351365855872269,
    0.15837075859882385,
    0.1539609505672269,
    0.15285808577540125,
    0.14690411887513835,
    0.1357850968175754,
    0.1347175408775858,
    0.13708173811193197,
    0.13791341547767771,
    0.13638834064140923,
    0.12805634216482648,
    0.12127773953541118,
    0.1299482304818391,
    0.1251652333241256,
    0.1244845648198167
  ],
  "val_loss": [
    0.01804427490425768,
    0.011170742541810972,
    0.010323969831488953,
    0.007782468780398243,
    0.009198982425021304,
    0.00748255461223988,
    0.008495305106509199,
    0.008439247044527231,
    0.007322289183820181,
    0.00801066570772622,
    0.006596124294445418,
    0.005817974273185669,
    0.006294784403107742,
    0.006600011504390053,
    0.01138904279035649,
    0.006216770117851962,
    0.008345984892917156,
    0.007595711870885782,
    0.006674177512266361,
    0.007273502688917176
  ],
  "val_f1": [
    0.9756029121980938,
    0.98228341163903,
    0.9874387665325552,
    0.9878434042729574,
    0.9887913875807899,
    0.9898292983881405,
    0.9887586982184711,
    0.9880544296017365,
    0.9894642837032297,
    0.9885743347816911,
    0.9902411648792375,
    0.9913933465624896,
    0.9909175584633398,
    0.9901400790450691,
    0.9873252052187464,
    0.9919860809970646,
    0.9896371873601384,
    0.9896571370306132,
    0.990149609950022,
    0.9898980286177685
  ]
}