{
  "train_loss": [
    0.6726788188103036,
    0.5117654921022252,
    0.46763183428272753,
    0.4502595238549297,
    0.4192810258638723,
    0.41205551786622757,
    0.41322380832533717,
    0.3855252083464017
  ],
  "train_accuracy": [
    95.20602897296517,
    94.40192552126997,
    93.71050472816435,
    93.28952231567371,
    92.55392992040098,
    92.24833455030604,
    92.3492982124023,
    92.54491530771381
  ],
  "test_loss": [
    0.13986897704259924,
    0.14565190824057286,
    0.13682289133434822,
    0.13885797003533334,
    0.17535899675938524,
    0.1401049207143396,
    0.18721774601163915,
    0.18655192197930218
  ],
  "test_accuracy": [
    94.66822977725674,
    94.67291910902696,
    95.40914419695193,
    94.71981242672919,
    92.38452520515827,
    94.49941383352872,
    92.21570926143025,
    92.17819460726847
  ]
}