{
  "train_loss": [
    0.2602832668572259,
    0.1965244713748056,
    0.17526828797480962,
    0.1717276940041262,
    0.14462499571084703,
    0.1436227382933873,
    0.13834518631293855,
    0.12719552881896126,
    0.12555685672154854,
    0.11142802746990524,
    0.11408683530016392,
    0.09101889971735426,
    0.10917813361811568,
    0.10459633875689178,
    0.10388454669436728,
    0.0843187476361693,
    0.10099863235012416,
    0.09633732377440775,
    0.06895127918189405,
    0.07785106226644886
  ],
  "val_loss": [
    0.25545499601424965,
    0.11237125445298757,
    0.0762416870300835,
    0.06783356790576732,
    0.0690663545311405,
    0.0595460154962191,
    0.051929217168458594,
    0.04602152277911495,
    0.04248959193952217,
    0.048967181946334426,
    0.045775609891325654,
    0.04358858196700325,
    0.0505192864921476,
    0.04558652147966601,
    0.037316134697350574,
    0.03829045848857576,
    0.060511990890733926,
    0.04462651803568624,
    0.03488383675625001,
    0.03448839964132759
  ],
  "val_f1": [
    0.86214004115328,
    0.9322977064260516,
    0.9615803291285139,
    0.9660893959286456,
    0.9684297878481744,
    0.9738085514623178,
    0.9769117066198657,
    0.9773914269418829,
    0.9799752638628105,
    0.9787514510004525,
    0.9779843444227005,
    0.9836667350244053,
    0.978090072102279,
    0.9807292107439238,
    0.9876872088152179,
    0.9817515227754237,
    0.9765476383013991,
    0.982724786605159,
    0.9856852342054736,
    0.9845094029563273
  ]
}