{
  "test_loss": 0.015217561764126886,
  "accuracy": 0.996905041031653,
  "precision": 0.9748918015183541,
  "recall": 0.9892784819491717,
  "f1_score_macro": 0.9819664839137117,
  "roc_auc": 0.9989999857441844,
  "per_class": {
    "Crosswalk (0)": {
      "accuracy": 0.9809119830328739,
      "count": 943
    },
    "No-Crosswalk (1)": {
      "accuracy": 0.9976449808654695,
      "count": 20382
    }
  },
  "confusion_matrix": [
    [
      925,
      18
    ],
    [
      48,
      20334
    ]
  ]
}