{
  "test_loss": 0.03730289254728425,
  "accuracy": 0.9924603174603175,
  "precision": 0.9880813280144125,
  "recall": 0.9872942327615978,
  "f1_score_macro": 0.9876872088152179,
  "roc_auc": 0.997770683615912,
  "per_class": {
    "Crosswalk (0)": {
      "accuracy": 0.9789915966386554,
      "count": 476
    },
    "No-Crosswalk (1)": {
      "accuracy": 0.9955968688845401,
      "count": 2044
    }
  },
  "confusion_matrix": [
    [
      466,
      10
    ],
    [
      9,
      2035
    ]
  ]
}