{
  "test_loss": 0.003540027185180975,
  "accuracy": 0.9992497069167644,
  "precision": 0.9961817692072756,
  "recall": 0.9952126252126252,
  "f1_score_macro": 0.9956966732812447,
  "roc_auc": 0.999886347886348,
  "per_class": {
    "Crosswalk (0)": {
      "accuracy": 0.9907692307692307,
      "count": 975
    },
    "No-Crosswalk (1)": {
      "accuracy": 0.9996560196560197,
      "count": 20350
    }
  },
  "confusion_matrix": [
    [
      966,
      9
    ],
    [
      7,
      20343
    ]
  ]
}